"Parameter","MissingPercent","na.approx","na.interp","na_interpolation","na.locf","na_mean"
"rmse",10,0.94356284336291,0.80463265213441,0.943562843362636,1.86785521287665,2.68170058029071
"rmse",20,1.37664808131741,1.13244547376492,1.37664808131714,2.93920228406261,3.74975864199967
"rmse",30,2.13574928424294,1.43018018256074,2.13574928424277,4.19460892732875,4.69973871852909
"rmse",40,2.71645905661469,1.668670628514,2.71645905661457,5.23154694272598,5.39996087283245
"rmse",50,3.60127535878552,1.82358471937744,3.60127535878538,6.22536393718359,6.08696811783849
"rmse",60,5.22182190265531,2.10673746625365,5.22182190265519,7.77660423346247,6.70164177118102
"rmse",70,7.14810042213339,2.38021780730173,7.14810042213328,9.44936720587163,7.16587714765176
"rmse",80,8.69761992239733,2.69630814979493,8.69761992239726,10.7313345076606,7.7192564526166
"rmse",90,10.044880871059,10.044880871059,10.044880871059,11.4559035952735,8.3081511224991
